"","image","family","tribe","genus","species","type","complete","corrupt","folds_species","folds_tribe","size"
"1","DSC_0936","Bovidae","Neotragini","Raphicerus","campestris","LM3",-1,0,5,4,813.477272147525
"2","DSC_0943","Bovidae","Neotragini","Raphicerus","campestris","LM3",-1,0,2,3,866.607214462436
"3","DSC_0947","Bovidae","Neotragini","Raphicerus","campestris","LM3",-1,0,5,3,980.406204335659
"4","DSC_0951","Bovidae","Neotragini","Raphicerus","campestris","LM3",-1,0,1,3,1226.21233688382
"5","DSC_0955","Bovidae","Hippotragini","Oryx","gazella","LM3",1,0,2,5,3151.24004103179
"6","DSC_0961","Bovidae","Hippotragini","Oryx","gazella","LM3",1,0,1,4,3658.47763108502
"7","DSC_0966","Bovidae","Hippotragini","Oryx","gazella","LM3",1,0,3,2,3971.99949238572
"8","DSC_0974","Bovidae","Hippotragini","Oryx","gazella","LM3",1,0,3,1,3219.1395359684
"9","DSC_0979","Bovidae","Hippotragini","Oryx","gazella","LM3",1,0,5,1,3558.57813614841
"10","DSC_0986","Bovidae","Hippotragini","Oryx","gazella","LM3",1,0,4,3,3075.54155622195
"11","DSC_0991","Bovidae","Hippotragini","Oryx","gazella","LM3",1,0,5,1,3741.93347520774
"12","DSC_0996","Bovidae","Hippotragini","Oryx","gazella","LM3",1,0,4,3,2817.85317267988
"13","DSC_1001","Bovidae","Hippotragini","Hippotragus","equinus","LM3",1,0,4,4,3795.33044482741
"14","DSC_1006","Bovidae","Hippotragini","Hippotragus","equinus","LM3",1,0,5,5,2941.24299962462
"15","DSC_1011","Bovidae","Hippotragini","Hippotragus","equinus","LM3",1,0,2,2,3153.04913217278
"16","DSC_1016","Bovidae","Hippotragini","Hippotragus","equinus","LM3",1,0,4,1,3113.91918985787
"17","DSC_1021","Bovidae","Hippotragini","Hippotragus","equinus","LM3",1,0,5,2,3331.39942059822
"18","DSC_1026","Bovidae","Hippotragini","Hippotragus","equinus","LM3",1,0,1,5,3118.82373542836
"19","DSC_1031","Bovidae","Hippotragini","Hippotragus","niger","LM3",1,0,3,2,2636.63282656935
"20","DSC_1036","Bovidae","Hippotragini","Hippotragus","niger","LM3",1,0,2,3,2629.68665043851
"21","DSC_1041","Bovidae","Hippotragini","Hippotragus","niger","LM3",1,0,5,1,3610.29386490095
"22","DSC_1046","Bovidae","Hippotragini","Hippotragus","niger","LM3",-2,0,4,2,2493.4612536941
"23","DSC_1050","Bovidae","Hippotragini","Hippotragus","niger","LM3",1,0,4,2,3183.17402385381
"24","DSC_1055","Bovidae","Hippotragini","Hippotragus","niger","LM3",1,0,2,5,3731.81572620165
"25","DSC_1061","Bovidae","Hippotragini","Hippotragus","niger","LM3",1,0,1,2,3027.99530830362
"26","DSC_1066","Bovidae","Hippotragini","Hippotragus","niger","LM3",1,0,2,1,2915.83592873718
"27","DSC_1071","Bovidae","Hippotragini","Hippotragus","niger","LM3",1,0,1,3,2979.49992566161
"28","DSCN2610","Bovidae","Alcelaphini","Connochaetes","gnou","LM3",1,0,5,5,2487.92929112563
"29","DSCN2614","Bovidae","Alcelaphini","Connochaetes","gnou","LM3",-2,0,4,2,2439.57900270019
"30","DSCN2618","Bovidae","Alcelaphini","Connochaetes","gnou","LM3",1,0,3,4,2841.44400975139
"31","DSCN2622","Bovidae","Alcelaphini","Connochaetes","gnou","LM3",-2,0,2,1,2257.97388027881
"32","DSCN2626","Bovidae","Alcelaphini","Connochaetes","gnou","LM3",1,0,3,1,2622.5567081236
"33","DSCN2630","Bovidae","Alcelaphini","Connochaetes","gnou","LM3",1,0,4,2,2759.60338931783
"34","DSCN2634","Bovidae","Alcelaphini","Connochaetes","gnou","LM3",-2,0,2,5,2484.48354827068
"35","DSCN2638","Bovidae","Alcelaphini","Connochaetes","gnou","LM3",1,0,2,1,2433.09372132595
"36","DSCN2642","Bovidae","Alcelaphini","Connochaetes","gnou","LM3",-2,0,1,3,2085.84898859778
"37","DSCN2646","Bovidae","Alcelaphini","Connochaetes","gnou","LM3",1,0,2,3,2669.68665043851
"38","DSCN2649","Bovidae","Alcelaphini","Connochaetes","gnou","LM3",1,0,1,5,2552.71608769004
"39","DSCN2652","Bovidae","Alcelaphini","Connochaetes","gnou","LM3",1,0,4,1,2496.53232150596
"40","DSCN2656","Bovidae","Alcelaphini","Connochaetes","gnou","LM3",1,0,2,4,2478.2480502585
"41","DSCN2660","Bovidae","Alcelaphini","Connochaetes","gnou","LM3",1,0,1,3,2392.7089450151
"42","DSCN2664","Bovidae","Alcelaphini","Connochaetes","gnou","LM3",1,0,4,4,2524.28968081884
"43","DSCN2668","Bovidae","Alcelaphini","Connochaetes","gnou","LM3",1,0,4,5,2408.46630432798
"44","DSCN2671","Bovidae","Alcelaphini","Connochaetes","gnou","LM3",-2,0,4,3,2199.47135496186
"45","DSCN2674","Bovidae","Alcelaphini","Connochaetes","gnou","LM3",1,0,1,5,2619.60338931783
"46","DSCN2677","Bovidae","Alcelaphini","Connochaetes","gnou","LM3",1,0,1,3,2561.0176028802
"47","DSCN2680","Bovidae","Alcelaphini","Connochaetes","gnou","LM3",1,0,3,3,2568.20641969816
"48","DSCN2684","Bovidae","Alcelaphini","Connochaetes","gnou","LM3",1,0,5,3,2231.6307345283
"49","DSCN2688","Bovidae","Alcelaphini","Connochaetes","gnou","LM3",-2,0,5,2,2599.98816562868
"50","DSCN2692","Bovidae","Alcelaphini","Connochaetes","gnou","LM3",1,0,1,2,2445.69675170628
"51","DSCN2696","Bovidae","Alcelaphini","Connochaetes","gnou","LM3",1,0,3,1,2242.68455839746
"52","DSCN2743","Bovidae","Alcelaphini","Connochaetes","gnou","LM3",-2,0,3,1,2464.2652942012
"53","DSCN2762","Bovidae","Alcelaphini","Connochaetes","taurinus","LM3",-1,1,NA,3,2414.68455839746
"54","DSCN2766","Bovidae","Alcelaphini","Connochaetes","taurinus","LM3",1,1,NA,2,2701.26738624226
"55","DSCN2770","Bovidae","Alcelaphini","Connochaetes","taurinus","LM3",0,1,NA,3,2491.80439944461
"56","DSCN2774","Bovidae","Alcelaphini","Connochaetes","taurinus","LM3",1,1,NA,5,2761.34350468801
"57","DSCN2778","Bovidae","Alcelaphini","Connochaetes","taurinus","LM3",1,1,NA,1,2668.88260993141
"58","DSCN2783","Bovidae","Alcelaphini","Connochaetes","taurinus","LM3",1,0,NA,5,2727.21861300698
"59","DSCN2787","Bovidae","Alcelaphini","Connochaetes","taurinus","LM3",1,1,NA,2,2711.54451481478
"60","DSCN2791","Bovidae","Alcelaphini","Connochaetes","taurinus","LM3",1,1,NA,4,2923.93643380057
"61","DSCN2795","Bovidae","Alcelaphini","Connochaetes","taurinus","LM3",1,0,NA,3,2467.0348468229
"62","DSCN2799","Bovidae","Alcelaphini","Connochaetes","taurinus","LM3",1,1,NA,2,2722.28968081884
"63","DSCN2803","Bovidae","Alcelaphini","Connochaetes","taurinus","LM3",1,0,NA,4,2898.5394641809
"64","DSCN2807","Bovidae","Alcelaphini","Connochaetes","taurinus","LM3",-2,0,NA,2,1966.35151391472
"65","DSCN2869","Bovidae","Alcelaphini","Alcelaphus","buselaphus","LM3",1,0,1,4,2293.23585694968
"66","DSCN2873","Bovidae","Alcelaphini","Alcelaphus","buselaphus","LM3",1,0,4,4,2657.05923344054
"67","DSCN2877","Bovidae","Alcelaphini","Alcelaphus","buselaphus","LM3",1,0,2,3,2106.40028715
"68","DSCN2883","Bovidae","Alcelaphini","Alcelaphus","buselaphus","LM3",1,0,4,4,2524.02265351409
"69","DSCN2887","Bovidae","Alcelaphini","Alcelaphus","buselaphus","LM3",1,0,5,2,2570.08152801713
"70","DSCN2890","Bovidae","Alcelaphini","Alcelaphus","buselaphus","LM3",1,0,2,2,2183.41248045882
"71","DSCN2894","Bovidae","Alcelaphini","Alcelaphus","buselaphus","LM3",1,0,4,5,2090.13325984524
"72","DSCN2897","Bovidae","Alcelaphini","Alcelaphus","buselaphus","LM3",1,0,1,1,2514.77496219308
"73","DSCN2902","Bovidae","Alcelaphini","Alcelaphus","buselaphus","LM3",-2,0,1,3,2201.02770414797
"74","DSCN2906","Bovidae","Alcelaphini","Alcelaphus","buselaphus","LM3",0,0,2,4,2445.19422638934
"75","DSCN2910","Bovidae","Alcelaphini","Alcelaphus","buselaphus","LM3",0,0,5,3,2229.4957415795
"76","DSCN2921","Bovidae","Alcelaphini","Alcelaphus","buselaphus","LM3",1,0,1,1,2532.97597231986
"77","DSCN2925","Bovidae","Alcelaphini","Alcelaphus","buselaphus","LM3",0,0,3,2,2360.59119600901
"78","DSCN2929","Bovidae","Alcelaphini","Alcelaphus","buselaphus","LM3",1,0,3,2,2471.15973850393
"79","DSCN3017","Bovidae","Alcelaphini","Damaliscus","dorcas","LM3",1,1,3,2,1958.23376490863
"80","DSCN3021","Bovidae","Alcelaphini","Damaliscus","dorcas","LM3",1,1,1,2,1940.53528009879
"81","DSCN3025","Bovidae","Alcelaphini","Damaliscus","dorcas","LM3",1,1,2,5,2305.32921933813
"82","DSCN3029","Bovidae","Alcelaphini","Damaliscus","dorcas","LM3",1,1,1,2,1773.3565645486
"83","DSCN3033","Bovidae","Alcelaphini","Damaliscus","dorcas","LM3",1,1,4,1,2188.8611819066
"84","DSCN3037","Bovidae","Alcelaphini","Damaliscus","dorcas","LM3",1,1,4,5,1942.22662223369
"85","DSCN3041","Bovidae","Alcelaphini","Damaliscus","dorcas","LM3",1,0,2,1,1683.3565645486
"86","DSCN3045","Bovidae","Alcelaphini","Damaliscus","dorcas","LM3",1,1,1,1,2146.94444302728
"87","DSCN3049","Bovidae","Alcelaphini","Damaliscus","dorcas","LM3",1,1,3,2,2215.44696834422
"88","DSCN3053","Bovidae","Alcelaphini","Damaliscus","dorcas","LM3",1,1,1,4,1954.67741572252
"89","DSCN3057","Bovidae","Alcelaphini","Damaliscus","dorcas","LM3",0,1,1,2,1598.90577105977
"90","DSCN3062","Bovidae","Alcelaphini","Damaliscus","dorcas","LM3",0,1,4,4,1868.16774773065
"91","DSCN3075","Bovidae","Alcelaphini","Damaliscus","dorcas","LM3",1,1,3,1,1941.89061915812
"92","DSCN3078","Bovidae","Alcelaphini","Damaliscus","dorcas","LM3",0,1,1,4,2148.45916165304
"93","DSCN3081","Bovidae","Alcelaphini","Damaliscus","dorcas","LM3",1,1,3,4,2510.06428407443
"94","DSCN3084","Bovidae","Alcelaphini","Damaliscus","dorcas","LM3",0,1,2,5,1595.29054737062
"95","DSCN3097","Bovidae","Alcelaphini","Damaliscus","dorcas","LM3",1,0,2,4,1915.36370722354
"96","DSCN3102","Bovidae","Alcelaphini","Damaliscus","dorcas","LM3",1,1,4,4,1951.12106653642
"97","DSCN3106","Bovidae","Alcelaphini","Damaliscus","dorcas","LM3",1,1,4,4,2154.50079221339
"98","DSCN3110","Bovidae","Alcelaphini","Damaliscus","dorcas","LM3",0,1,5,1,1789.75858480216
"99","DSCN3126","Bovidae","Alcelaphini","Connochaetes","gnou","LM3",1,0,5,2,2607.90490450799
"100","DSCN3193","Bovidae","Antilopini","Antidorcas","marsupialis","LM3",-2,0,1,5,1890.85403923166
"101","DSCN3194","Bovidae","Antilopini","Antidorcas","marsupialis","LM3",0,0,5,2,1876.63578516218
"102","DSCN3198","Bovidae","Antilopini","Antidorcas","marsupialis","LM3",0,0,1,3,1984.11601590254
"103","DSCN3202","Bovidae","Antilopini","Antidorcas","marsupialis","LM3",1,0,2,5,1704.06009999232
"104","DSCN3206","Bovidae","Antilopini","Antidorcas","marsupialis","LM3",1,0,2,4,1797.54033073268
"105","DSCN3208","Bovidae","Antilopini","Antidorcas","marsupialis","LM3",0,0,4,2,1814.95454429505
"106","DSCN3212","Bovidae","Antilopini","Antidorcas","marsupialis","LM3",1,0,5,1,1654.11897449537
"107","DSCN3216","Bovidae","Antilopini","Antidorcas","marsupialis","LM3",-2,0,1,4,1917.92510704353
"108","DSCN3220","Bovidae","Antilopini","Antidorcas","marsupialis","LM3",1,0,5,3,1771.65807973877
"109","DSCN3224","Bovidae","Antilopini","Antidorcas","marsupialis","LM3",1,0,4,2,2288.03275478185
"110","DSCN3229","Bovidae","Antilopini","Antidorcas","marsupialis","LM3",1,0,3,3,2005.41543905165
"111","DSCN3287","Bovidae","Tragelaphini","Taurotragus","oryx","LM3",-1,0,4,3,4093.88174337963
"112","DSCN3295","Bovidae","Tragelaphini","Taurotragus","oryx","LM3",-1,0,4,2,3785.63196001757
"113","DSCN3304","Bovidae","Tragelaphini","Taurotragus","oryx","LM3",-1,0,2,5,3073.17402385381
"114","DSCN3305","Bovidae","Tragelaphini","Taurotragus","oryx","LM3",-1,0,3,2,4029.40656327316
"115","DSCN3310","Bovidae","Tragelaphini","Taurotragus","oryx","LM3",-1,0,2,2,3826.09999744911
"116","DSCN3314","Bovidae","Tragelaphini","Taurotragus","oryx","LM3",-1,0,4,3,3778.45028587455
"117","DSCN3318","Bovidae","Tragelaphini","Taurotragus","oryx","LM3",-1,0,3,1,3647.1222920257
"118","DSCN3332","Bovidae","Tragelaphini","Tragelaphus","scriptus","LM3",-1,0,4,1,1632.32712729708
"119","DSCN3337","Bovidae","Tragelaphini","Tragelaphus","scriptus","LM3",-1,0,4,3,1594.1261171703
"120","DSCN3359","Bovidae","Tragelaphini","Tragelaphus","strepsiceros","LM3",-1,0,NA,4,3301.62481734264
"121","DSCN3364","Bovidae","Tragelaphini","Tragelaphus","strepsiceros","LM3",-1,0,NA,3,3032.13744392735
"122","DSCN3368","Bovidae","Tragelaphini","Tragelaphus","strepsiceros","LM3",-1,0,NA,4,3130.08571209924
"123","DSCN3389","Bovidae","Reduncini","Redunca","fulvorufulva","LM3",-1,0,4,1,1444.94740162011
"124","DSCN3393","Bovidae","Reduncini","Redunca","fulvorufulva","LM3",-1,0,3,4,1776.71190360793
"125","DSCN3398","Bovidae","Reduncini","Redunca","fulvorufulva","LM3",-1,0,5,3,1621.59920523572
"126","DSCN3406","Bovidae","Reduncini","Redunca","arundinum","LM3",-1,0,3,2,1620.93730035235
"127","DSCN3410","Bovidae","Reduncini","Redunca","arundinum","LM3",-1,0,4,3,2234.05714139949
"128","DSCN3415","Bovidae","Reduncini","Redunca","arundinum","LM3",-1,0,3,2,2005.24595821745
"129","DSCN3419","Bovidae","Reduncini","Redunca","arundinum","LM3",-1,0,4,4,2206.25815152627
"130","DSCN3422","Bovidae","Reduncini","Redunca","arundinum","LM3",-1,0,1,3,1941.26320216015
"131","DSCN3426","Bovidae","Reduncini","Redunca","arundinum","LM3",-1,0,1,5,2355.02770414797
"132","DSCN3432","Bovidae","Reduncini","Redunca","arundinum","LM3",-1,0,4,5,2395.55461608255
"133","DSCN3438","Bovidae","Reduncini","Redunca","arundinum","LM3",-1,0,1,1,2430.02265351409
"134","DSCN3441","Bovidae","Reduncini","Redunca","arundinum","LM3",-1,0,3,1,1924.57691065914
"135","DSCN3445","Bovidae","Reduncini","Redunca","arundinum","LM3",-1,0,4,1,1778.20937829099
"136","DSCN3493","Bovidae","Reduncini","Redunca","arundinum","LM3",-1,0,3,1,2043.76572747709
"137","DSCN3496","Bovidae","Reduncini","Redunca","arundinum","LM3",-1,0,1,5,2076.07438534219
"138","DSCN3499","Bovidae","Reduncini","Redunca","arundinum","LM3",-1,0,2,2,1919.84898859778
"139","DSCN3503","Bovidae","Reduncini","Redunca","arundinum","LM3",-1,0,2,2,1866.45201897811
"140","DSCN3506","Bovidae","Reduncini","Redunca","arundinum","LM3",-1,0,2,2,2282.19927702322
"141","DSCN3517","Bovidae","Reduncini","Redunca","fulvorufulva","LM3",-1,0,4,2,1787.96673760387
"142","DSCN3521","Bovidae","Reduncini","Kobus","leche","LM3",-1,0,4,5,1508.30274067944
"143","DSCN3541","Bovidae","Reduncini","Kobus","ellipsiprymnus","LM3",-1,0,4,4,2490.00540957138
"144","DSCN3545","Bovidae","Reduncini","Kobus","ellipsiprymnus","LM3",-1,0,5,5,3126.78924754296
"145","DSCN3549","Bovidae","Reduncini","Kobus","ellipsiprymnus","LM3",-1,0,4,3,3200.8653659887
"146","DSCN3554","Bovidae","Reduncini","Kobus","ellipsiprymnus","LM3",-1,0,2,1,3155.23289835685
"147","DSCN3557","Bovidae","Reduncini","Kobus","ellipsiprymnus","LM3",-1,0,2,5,2034.47640559575
"148","DSCN3561","Bovidae","Reduncini","Kobus","ellipsiprymnus","LM3",-1,0,3,3,3763.00454301961
"149","DSCN3565","Bovidae","Reduncini","Kobus","ellipsiprymnus","LM3",-1,0,5,1,3220.74761698261
"150","DSCN3569","Bovidae","Reduncini","Kobus","ellipsiprymnus","LM3",-1,0,3,2,2715.87041662259
"151","DSCN3573","Bovidae","Reduncini","Kobus","ellipsiprymnus","LM3",-1,0,5,5,3101.03188823007
"152","DSCN3577","Bovidae","Reduncini","Kobus","ellipsiprymnus","LM3",-1,0,1,5,2828.91709781681
"153","DSCN3581","Bovidae","Reduncini","Kobus","ellipsiprymnus","LM3",-1,0,2,3,2828.75771825038
"154","DSCN3585","Bovidae","Reduncini","Kobus","ellipsiprymnus","LM3",-1,0,1,4,3357.600430725
"155","DSCN3589","Bovidae","Reduncini","Kobus","ellipsiprymnus","LM3",-1,0,3,4,2993.19126779651
"156","DSCN3593","Bovidae","Reduncini","Kobus","ellipsiprymnus","LM3",-1,0,1,1,3023.16688117887
"157","DSCN3598","Bovidae","Reduncini","Kobus","ellipsiprymnus","LM3",-1,1,5,2,3081.86031535482
"158","DSCN3602","Bovidae","Reduncini","Kobus","ellipsiprymnus","LM3",-1,0,3,1,3504.89689528128
"159","DSCN3622","Bovidae","Reduncini","Kobus","ellipsiprymnus","LM3",-1,0,1,1,3453.48268171891
"160","DSCN3665","Bovidae","Neotragini","Raphicerus","campestris","LM3",-1,0,5,4,1138.07020126009
"161","DSCN3669","Bovidae","Neotragini","Raphicerus","campestris","LM3",-1,0,1,1,975.678282274302
"162","DSCN3675","Bovidae","Neotragini","Raphicerus","campestris","LM3",-1,0,3,5,1108.28845532957
"163","DSCN3678","Bovidae","Neotragini","Raphicerus","campestris","LM3",-1,0,2,1,1166.55548263433
"164","DSCN3720","Bovidae","Neotragini","Raphicerus","campestris","LM3",-1,0,3,2,1168.37171645025
"165","DSCN3721","Bovidae","Neotragini","Raphicerus","campestris","LM3",-1,0,1,4,1110.28845532957
"166","DSCN3726","Bovidae","Neotragini","Raphicerus","campestris","LM3",-1,0,3,3,1174.59711319467
"167","DSCN3730","Bovidae","Neotragini","Raphicerus","campestris","LM3",-1,0,2,3,1122.12907576313
"168","DSCN3734","Bovidae","Neotragini","Raphicerus","campestris","LM3",-1,0,5,5,1068.48946545634
"169","DSCN3738","Bovidae","Neotragini","Raphicerus","campestris","LM3",-1,0,2,1,1091.86919113331
"170","DSCN3742","Bovidae","Neotragini","Raphicerus","campestris","LM3",-1,0,1,3,1012.37171645025
"171","DSCN3747","Bovidae","Neotragini","Raphicerus","campestris","LM3",-1,0,5,3,1172.59711319467
"172","DSCN3751","Bovidae","Neotragini","Raphicerus","campestris","LM3",-1,0,1,4,1154.79812332145
"173","DSCN3767","Bovidae","Neotragini","Pelea","capreolus","LM3",1,0,3,4,1673.07229330114
"174","DSCN3772","Bovidae","Neotragini","Pelea","capreolus","LM3",0,0,1,1,1842.64588642995
"175","DSCN3776","Bovidae","Neotragini","Pelea","capreolus","LM3",1,0,4,2,1744.48650686351
"176","DSCN3790","Bovidae","Neotragini","Ourebia","ourebi","LM3",0,0,2,5,1170.35447250755
"177","DSCN3794","Bovidae","Neotragini","Ourebia","ourebi","LM3",1,0,4,1,1278.7220048757
"178","DSCN3850","Bovidae","Hippotragini","Oryx","gazella","LM3",0,0,2,3,1614.99617485539
"179","DSCN3854","Bovidae","Hippotragini","Oryx","gazella","LM3",1,0,1,1,4631.31738496681
"180","DSCN3858","Bovidae","Hippotragini","Oryx","gazella","LM3",1,0,4,1,3525.07351879042
"181","DSCN3861","Bovidae","Hippotragini","Oryx","gazella","LM3",1,0,4,3,2698.19631843039
"182","DSCN3865","Bovidae","Hippotragini","Oryx","gazella","LM3",1,0,1,2,3296.23794899073
"183","DSCN3872","Bovidae","Hippotragini","Oryx","gazella","LM3",0,0,3,4,2420.56680939137
"184","DSCN3876","Bovidae","Hippotragini","Oryx","gazella","LM3",1,0,4,2,3198.78924754296
"185","DSCN3880","Bovidae","Hippotragini","Oryx","gazella","LM3",1,0,3,1,3682.48773235279
"186","DSCN3884","Bovidae","Hippotragini","Oryx","gazella","LM3",1,0,1,4,3448.61262403382
"187","DSCN3919","Bovidae","Hippotragini","Oryx","gazella","LM3",-2,0,2,4,2586.18917575546
"188","DSCN3923","Bovidae","Hippotragini","Oryx","gazella","LM3",1,0,2,5,3693.40656327316
"189","DSCN3948","Bovidae","Hippotragini","Hippotragus","niger","LM3",1,0,3,1,3366.66435586193
"190","DSCN3972","Bovidae","Hippotragini","Hippotragus","equinus","LM3",0,0,2,3,2172.81955134626
"191","DSCN3978","Bovidae","Hippotragini","Hippotragus","equinus","LM3",1,0,5,3,3678.6786412118
"192","DSCN4040","Bovidae","Bovini","Syncerus","caffer","LM3",-2,0,1,1,3289.85021408705
"193","DSCN4045","Bovidae","Bovini","Syncerus","caffer","LM3",1,0,5,2,3312.6958851545
"194","DSCN4092","Bovidae","Alcelaphini","Damaliscus","dorcas","LM3",1,1,2,3,1996.70180234016
"195","DSCN4097","Bovidae","Alcelaphini","Damaliscus","dorcas","LM3",1,1,2,1,2159.6134905856
"196","DSCN4101","Bovidae","Alcelaphini","Damaliscus","dorcas","LM3",1,0,3,3,1938.80230740355
"197","DSCN4105","Bovidae","Alcelaphini","Damaliscus","dorcas","LM3",0,1,4,3,1664.40324574283
"198","DSCN4109","Bovidae","Alcelaphini","Damaliscus","dorcas","LM3",0,1,3,3,1667.3565645486
"199","DSCN4113","Bovidae","Alcelaphini","Damaliscus","dorcas","LM3",0,1,4,1,1684.00122548928
"200","DSCN4117","Bovidae","Alcelaphini","Damaliscus","dorcas","LM3",1,1,1,5,1900.39314447506
"201","DSCN4121","Bovidae","Alcelaphini","Damaliscus","dorcas","LM3",1,1,2,3,2022.76067684321
"202","DSCN4125","Bovidae","Alcelaphini","Damaliscus","dorcas","LM3",1,1,5,2,1969.80735803744
"203","DSCN4129","Bovidae","Alcelaphini","Damaliscus","dorcas","LM3",-2,0,3,5,1527.08953724384
"204","DSCN4133","Bovidae","Alcelaphini","Damaliscus","dorcas","LM3",1,1,5,4,2196.60129727678
"205","DSCN4146","Bovidae","Alcelaphini","Alcelaphus","buselaphus","LM3",1,0,5,2,2143.89776183306
"206","DSCN4149","Bovidae","Alcelaphini","Alcelaphus","buselaphus","LM3",1,0,1,4,2070.64292783712
"207","DSCN4153","Bovidae","Alcelaphini","Alcelaphus","buselaphus","LM3",1,0,4,5,2550.83383669613
"208","DSCN4161","Bovidae","Alcelaphini","Connochaetes","gnou","LM3",-1,1,3,2,2532.10591463477
"209","DSCN4165","Bovidae","Alcelaphini","Connochaetes","gnou","LM3",-1,1,3,1,2381.99826689645
"210","DSCN4175","Bovidae","Alcelaphini","Connochaetes","gnou","LM3",-1,1,2,5,2621.64501987817
"211","DSCN4179","Bovidae","Alcelaphini","Connochaetes","gnou","LM3",-1,1,4,4,2514.50793488832
"212","DSCN4252","Bovidae","Antilopini","Antidorcas","marsupialis","LM3",-2,0,1,1,1792.46926292081
"213","DSCN4256","Bovidae","Antilopini","Antidorcas","marsupialis","LM3",-2,0,4,2,1940.72914755063
"214","DSCN4260","Bovidae","Antilopini","Antidorcas","marsupialis","LM3",1,0,3,1,1794.67027304759
"215","DSCN4264","Bovidae","Antilopini","Antidorcas","marsupialis","LM3",1,0,3,4,1998.75353416827
"216","DSCN4268","Bovidae","Antilopini","Antidorcas","marsupialis","LM3",0,0,3,4,1815.92510704353
"217","DSCN4272","Bovidae","Antilopini","Antidorcas","marsupialis","LM3",1,0,4,2,2053.22157159981
"218","DSCN4275","Bovidae","Antilopini","Antidorcas","marsupialis","LM3",0,0,1,1,1781.58196129302
"219","DSCN4279","Bovidae","Antilopini","Antidorcas","marsupialis","LM3",0,0,4,3,1792.93730035235
"220","DSCN4282","Bovidae","Antilopini","Antidorcas","marsupialis","LM3",1,0,1,1,1988.16060505571
"221","DSCN4286","Bovidae","Antilopini","Antidorcas","marsupialis","LM3",1,0,2,1,2215.10382259372
"222","DSCN4288","Bovidae","Antilopini","Antidorcas","marsupialis","LM3",1,0,4,4,1823.39819510895
"223","DSCN4294","Bovidae","Antilopini","Antidorcas","marsupialis","LM3",1,0,3,3,1804.46926292081
"224","DSCN4299","Bovidae","Antilopini","Antidorcas","marsupialis","LM3",1,0,3,1,1964.71190360793
"225","DSCN4303","Bovidae","Antilopini","Antidorcas","marsupialis","LM3",1,0,5,3,1884.51089348115
"226","DSCN4307","Bovidae","Antilopini","Antidorcas","marsupialis","LM3",1,0,1,2,2016.73629022557
"227","DSCN4311","Bovidae","Antilopini","Antidorcas","marsupialis","LM3",1,0,2,1,2125.76572747709
"228","DSCN4315","Bovidae","Antilopini","Antidorcas","marsupialis","LM3",1,0,3,4,1998.77792078591
"229","DSCN4319","Bovidae","Antilopini","Antidorcas","marsupialis","LM3",0,0,3,5,1743.15555442183
"230","DSCN4323","Bovidae","Antilopini","Antidorcas","marsupialis","LM3",1,0,2,5,1917.28044610285
"231","DSCN4338","Bovidae","Tragelaphini","Tragelaphus","strepsiceros","LM3",-1,0,NA,4,3287.27452891719
"232","DSCN4342","Bovidae","Tragelaphini","Tragelaphus","strepsiceros","LM3",-1,0,NA,3,2840.76486092532
"233","DSCN4350","Bovidae","Reduncini","Redunca","fulvorufulva","LM3",-1,0,1,4,1795.03780541574
"234","DSCN4353","Bovidae","Reduncini","Redunca","fulvorufulva","LM3",-1,0,2,2,1697.90072042589
"235","DSCN4493","Bovidae","Bovini","Syncerus","caffer","LM3",1,0,4,4,3364.83802077823
"236","DSCN4497","Bovidae","Bovini","Syncerus","caffer","LM3",1,0,4,3,3987.24718370672
"237","DSCN4502","Bovidae","Bovini","Syncerus","caffer","LM3",1,0,4,4,3498.37712602164
"238","DSCN4507","Bovidae","Bovini","Syncerus","caffer","LM3",1,0,3,4,3656.60252276605
"239","DSCN4511","Bovidae","Bovini","Syncerus","caffer","LM3",1,0,5,5,3089.88470197246
"240","DSCN4516","Bovidae","Bovini","Syncerus","caffer","LM3",1,0,1,4,3677.59032945723
"241","DSCN4520","Bovidae","Bovini","Syncerus","caffer","LM3",1,0,1,2,4095.07056019759
"242","DSCN4524","Bovidae","Bovini","Syncerus","caffer","LM3",1,0,2,2,4937.19249328578
"243","DSCN4528","Bovidae","Bovini","Syncerus","caffer","LM3",1,0,2,3,3913.07056019759
"244","DSCN4531","Bovidae","Bovini","Syncerus","caffer","LM3",1,0,3,5,4007.88174337963
"245","DSCN4535","Bovidae","Bovini","Syncerus","caffer","LM3",1,0,4,3,3973.94061788268
"246","DSCN4539","Bovidae","Bovini","Syncerus","caffer","LM3",0,0,1,5,3508.56089220571
"247","DSCN4543","Bovidae","Bovini","Syncerus","caffer","LM3",1,0,5,1,4311.34473017728
"248","DSCN4554","Bovidae","Bovini","Syncerus","caffer","LM3",1,0,2,2,4078.31825151859
"249","DSCN4626","Bovidae","Alcelaphini","Connochaetes","taurinus","LM3",1,1,NA,1,2694.61558262665
"250","DSCN4630","Bovidae","Alcelaphini","Connochaetes","taurinus","LM3",1,1,NA,3,2563.52012819714
"251","DSCN4633","Bovidae","Alcelaphini","Connochaetes","taurinus","LM3",1,1,NA,5,3237.89480324023
"252","DSCN4637","Bovidae","Alcelaphini","Connochaetes","taurinus","LM3",-2,1,NA,5,2808.95872837716
"253","DSCN4641","Bovidae","Alcelaphini","Connochaetes","taurinus","LM3",1,0,NA,2,2690.02979618902
"254","DSCN4644","Bovidae","Alcelaphini","Connochaetes","taurinus","LM3",1,1,NA,5,2852.43895911751
"255","DSCN4648","Bovidae","Alcelaphini","Connochaetes","taurinus","LM3",1,1,NA,1,2746.27243687614
"256","DSCN4653","Bovidae","Alcelaphini","Connochaetes","taurinus","LM3",-2,1,NA,5,3069.54451481478
"257","DSCN4657","Bovidae","Alcelaphini","Connochaetes","taurinus","LM3",1,0,NA,1,2733.54451481478
"258","DSCN4670","Bovidae","Alcelaphini","Connochaetes","taurinus","LM3",-1,1,NA,3,2788.30692476155
"259","DSCN4676","Bovidae","Alcelaphini","Connochaetes","taurinus","LM3",-1,1,NA,2,2765.14249456123
"260","DSCN4679","Bovidae","Alcelaphini","Connochaetes","taurinus","LM3",-1,1,NA,3,2834.39732855717
"261","DSCN4687","Bovidae","Alcelaphini","Connochaetes","taurinus","LM3",1,1,NA,1,3027.97806436091
"262","DSCN4716","Bovidae","Alcelaphini","Connochaetes","gnou","LM3",-1,0,4,4,1982.51803615609
"263","DSCN4720","Bovidae","Alcelaphini","Connochaetes","gnou","LM3",-1,0,1,4,2696.15468787005
"264","DSCN4724","Bovidae","Alcelaphini","Connochaetes","gnou","LM3",-1,0,2,4,1906.45201897811
"265","DSCN4728","Bovidae","Alcelaphini","Connochaetes","gnou","LM3",-1,0,1,5,1881.74134085945
"266","DSCN4732","Bovidae","Alcelaphini","Connochaetes","gnou","LM3",-1,0,2,1,2596.34855532189
"267","DSCN4736","Bovidae","Alcelaphini","Connochaetes","gnou","LM3",-1,0,3,1,2450.2480502585
"268","DSCN4794","Bovidae","Alcelaphini","Alcelaphus","buselaphus","LM3",1,0,3,2,2686.11305730971
"269","DSCN4798","Bovidae","Alcelaphini","Alcelaphus","buselaphus","LM3",1,0,4,5,2720.65721318699
"270","DSCN4802","Bovidae","Alcelaphini","Alcelaphus","buselaphus","LM3",-2,0,4,1,2242.42467376764
"271","DSCN4806","Bovidae","Alcelaphini","Alcelaphus","buselaphus","LM3",1,0,3,2,2758.84097937106
"272","DSCN4810","Bovidae","Alcelaphini","Alcelaphus","buselaphus","LM3",1,0,4,3,2847.81154211954
"273","DSCN4815","Bovidae","Alcelaphini","Alcelaphus","buselaphus","LM3",1,0,3,4,2301.94653506834
"274","DSCN4819","Bovidae","Alcelaphini","Alcelaphus","buselaphus","LM3",1,0,3,3,2241.73838226662
"275","DSCN4823","Bovidae","Alcelaphini","Alcelaphus","buselaphus","LM3",-2,0,3,4,1937.74848353439
"276","DSCN4827","Bovidae","Alcelaphini","Alcelaphus","buselaphus","LM3",1,0,2,3,2711.38513524835
"277","DSCN4831","Bovidae","Alcelaphini","Alcelaphus","buselaphus","LM3",1,0,2,5,2341.25310089238
"278","DSCN4835","Bovidae","Alcelaphini","Alcelaphus","buselaphus","LM3",1,0,1,1,2088.34141264695
"279","DSCN4840","Bovidae","Alcelaphini","Alcelaphus","buselaphus","LM3",1,0,1,5,2473.82878606224
"280","DSCN4844","Bovidae","Alcelaphini","Alcelaphus","buselaphus","LM3",1,0,2,3,2435.0348468229
"281","DSCN4849","Bovidae","Alcelaphini","Alcelaphus","buselaphus","LM3",1,0,2,4,2218.12315857747
"282","DSCN4899","Bovidae","Tragelaphini","Taurotragus","oryx","LM3",-1,0,5,4,3124.97301372703
"283","DSCN4903","Bovidae","Tragelaphini","Taurotragus","oryx","LM3",-1,0,4,1,4401.43809256573
"284","DSCN4907","Bovidae","Tragelaphini","Taurotragus","oryx","LM3",-1,0,1,2,3955.61471607487
"285","DSCN4913","Bovidae","Tragelaphini","Taurotragus","oryx","LM3",-1,0,1,2,3618.30100757589
"286","DSCN4917","Bovidae","Tragelaphini","Taurotragus","oryx","LM3",-1,0,1,4,3840.47763108502
"287","DSCN5043","Bovidae","Tragelaphini","Tragelaphus","scriptus","LM3",-1,0,3,2,1694.62864248725
"288","DSCN5047","Bovidae","Tragelaphini","Tragelaphus","scriptus","LM3",-1,0,2,4,1806.02561210692
"289","DSCN5055","Bovidae","Tragelaphini","Tragelaphus","scriptus","LM3",-1,0,5,2,1686.5870119269
"290","DSCN5056","Bovidae","Tragelaphini","Tragelaphus","scriptus","LM3",-1,0,2,4,1509.5088014401
"291","DSCN5061","Bovidae","Tragelaphini","Tragelaphus","scriptus","LM3",-1,0,3,1,1439.73419818452
"292","DSCN5065","Bovidae","Tragelaphini","Tragelaphus","scriptus","LM3",-1,0,4,2,1406.60425586961
"293","DSCN5069","Bovidae","Tragelaphini","Tragelaphus","scriptus","LM3",-1,0,1,2,1392.62149981231
"294","DSCN5073","Bovidae","Tragelaphini","Tragelaphus","scriptus","LM3",-1,0,4,1,1482.93015767741
"295","DSCN5077","Bovidae","Tragelaphini","Tragelaphus","scriptus","LM3",-1,0,1,3,1488.16060505571
"296","DSCN5081","Bovidae","Tragelaphini","Tragelaphus","scriptus","LM3",-1,0,3,4,1515.47431355469
"297","DSCN5085","Bovidae","Tragelaphini","Tragelaphus","scriptus","LM3",-1,0,1,1,1515.23167286758
"298","DSCN5089","Bovidae","Tragelaphini","Tragelaphus","scriptus","LM3",-1,0,4,5,1558.84689655673
"299","DSCN5093","Bovidae","Tragelaphini","Tragelaphus","scriptus","LM3",-1,0,2,5,1668.2438661764
"300","DSCN5097","Bovidae","Tragelaphini","Tragelaphus","scriptus","LM3",-1,0,5,4,1624.07734393502
"301","DSCN5102","Bovidae","Tragelaphini","Tragelaphus","scriptus","LM3",-1,0,5,2,1550.16060505571
"302","DSCN5107","Bovidae","Tragelaphini","Tragelaphus","scriptus","LM3",-1,0,3,4,1766.87128317436
"303","DSCN5112","Bovidae","Tragelaphini","Tragelaphus","scriptus","LM3",-1,0,1,5,1589.92510704353
"304","DSCN5117","Bovidae","Tragelaphini","Tragelaphus","scriptus","LM3",-1,0,1,1,1299.14841174689
"305","DSCN5121","Bovidae","Tragelaphini","Tragelaphus","scriptus","LM3",-1,0,2,3,1838.895669792
"306","DSCN5125","Bovidae","Tragelaphini","Tragelaphus","scriptus","LM3",-1,0,3,5,1718.91291373471
"307","DSCN5129","Bovidae","Tragelaphini","Tragelaphus","scriptus","LM3",-1,0,5,2,1268.39610306789
"308","DSCN5133","Bovidae","Tragelaphini","Tragelaphus","scriptus","LM3",-1,0,3,5,1702.91291373471
"309","DSCN5137","Bovidae","Tragelaphini","Tragelaphus","scriptus","LM3",-1,0,4,1,1465.53318805774
"310","DSCN5141","Bovidae","Tragelaphini","Tragelaphus","scriptus","LM3",-1,0,1,2,1742.1261171703
"311","DSCN5145","Bovidae","Tragelaphini","Tragelaphus","scriptus","LM3",-1,0,3,2,1502.34437123978
"312","DSCN5149","Bovidae","Tragelaphini","Tragelaphus","scriptus","LM3",-1,0,2,1,1443.57481861808
"313","DSCN5153","Bovidae","Tragelaphini","Tragelaphus","scriptus","LM3",-1,0,4,1,1452.76363543604
"314","DSCN5157","Bovidae","Tragelaphini","Tragelaphus","scriptus","LM3",-1,0,2,5,1499.83470324791
"315","DSCN5239","Bovidae","Tragelaphini","Tragelaphus","strepsiceros","LM3",-1,0,NA,5,3507.09790540806
"316","DSCN5246","Bovidae","Tragelaphini","Tragelaphus","strepsiceros","LM3",-1,0,NA,1,2473.69675170628
"317","DSCN5250","Bovidae","Tragelaphini","Tragelaphus","strepsiceros","LM3",-1,0,NA,3,3703.64920396028
"318","DSCN5254","Bovidae","Tragelaphini","Tragelaphus","strepsiceros","LM3",-1,0,NA,4,2904.23794899073
"319","DSCN5258","Bovidae","Tragelaphini","Tragelaphus","strepsiceros","LM3",-1,0,NA,4,3070.64711191922
"320","DSCN5262","Bovidae","Tragelaphini","Tragelaphus","strepsiceros","LM3",-1,0,NA,3,3049.53441354702
"321","DSCN5266","Bovidae","Tragelaphini","Tragelaphus","strepsiceros","LM3",-1,0,NA,1,2871.44400975139
"322","DSCN5270","Bovidae","Tragelaphini","Tragelaphus","strepsiceros","LM3",-1,0,NA,1,2558.65007051205
"323","DSCN5274","Bovidae","Tragelaphini","Tragelaphus","strepsiceros","LM3",-1,0,NA,4,3254.42885784974
"324","DSCN5278","Bovidae","Tragelaphini","Tragelaphus","strepsiceros","LM3",-1,0,NA,3,3058.59833868395
"325","DSCN5282","Bovidae","Tragelaphini","Tragelaphus","strepsiceros","LM3",-1,0,NA,5,2956.76486092532
"326","DSCN5286","Bovidae","Tragelaphini","Tragelaphus","strepsiceros","LM3",-1,0,NA,5,2459.80439944461
"327","DSCN5290","Bovidae","Tragelaphini","Tragelaphus","strepsiceros","LM3",-1,0,NA,1,2940.0785694243
"328","DSCN5293","Bovidae","Tragelaphini","Tragelaphus","strepsiceros","LM3",-1,0,NA,3,3204.87250866364
"329","DSCN5297","Bovidae","Tragelaphini","Tragelaphus","strepsiceros","LM3",-1,0,NA,3,3176.12019998464
"330","DSCN5301","Bovidae","Tragelaphini","Tragelaphus","strepsiceros","LM3",-1,0,NA,1,2893.93643380057
"331","DSCN5305","Bovidae","Tragelaphini","Tragelaphus","strepsiceros","LM3",-1,0,NA,3,3346.00245097855
"332","DSCN5309","Bovidae","Tragelaphini","Tragelaphus","strepsiceros","LM3",-1,0,NA,5,2545.09372132595
"333","DSCN5421","Bovidae","Neotragini","Raphicerus","campestris","LM3",-1,0,1,3,1105.34227919873
"334","DSCN5425","Bovidae","Neotragini","Raphicerus","campestris","LM3",-1,0,2,1,1193.91082169365
"335","DSCN5430","Bovidae","Neotragini","Raphicerus","campestris","LM3",-1,0,4,4,1192.48946545634
"336","DSCN5434","Bovidae","Neotragini","Raphicerus","campestris","LM3",-1,0,3,2,1103.32503525603
"337","DSCN5439","Bovidae","Neotragini","Raphicerus","campestris","LM3",-1,0,4,1,1174.07020126009
"338","DSCN5444","Bovidae","Neotragini","Raphicerus","campestris","LM3",-1,0,1,2,1069.30064863839
"339","DSCN5449","Bovidae","Neotragini","Raphicerus","campestris","LM3",-1,0,4,5,1193.90367901872
"340","DSCN5453","Bovidae","Neotragini","Raphicerus","campestris","LM3",-1,0,4,4,945.678282274302
"341","DSCN5457","Bovidae","Neotragini","Raphicerus","campestris","LM3",-1,0,5,2,950.087445202791
"342","DSCN5461","Bovidae","Neotragini","Raphicerus","campestris","LM3",-1,0,4,5,1093.60216382855
"343","DSCN5465","Bovidae","Neotragini","Raphicerus","campestris","LM3",-1,0,4,5,1263.24177413534
"344","DSCN5469","Bovidae","Neotragini","Raphicerus","campestris","LM3",-1,0,4,4,1269.04076400857
"345","DSCN5474","Bovidae","Neotragini","Raphicerus","campestris","LM3",-1,0,2,3,1268.35447250755
"346","DSCN5478","Bovidae","Neotragini","Raphicerus","campestris","LM3",-1,0,3,1,1165.44278426212
"347","DSCN5483","Bovidae","Neotragini","Raphicerus","campestris","LM3",-1,0,2,1,1086.97474683058
"348","DSCN5487","Bovidae","Neotragini","Raphicerus","campestris","LM3",-1,0,3,1,1070.14631970584
"349","DSCN5491","Bovidae","Neotragini","Raphicerus","campestris","LM3",-1,0,3,3,1135.74429945228
"350","DSCN5553","Bovidae","Neotragini","Oreotragus","oreotragus","LM3",1,0,2,2,1135.74429945228
"351","DSCN5557","Bovidae","Neotragini","Oreotragus","oreotragus","LM3",1,0,5,1,1132.08744520279
"352","DSCN5561","Bovidae","Neotragini","Oreotragus","oreotragus","LM3",1,0,4,4,1249.62655044619
"353","DSCN5565","Bovidae","Neotragini","Oreotragus","oreotragus","LM3",-2,0,2,4,1226.61435713737
"354","DSCN5569","Bovidae","Neotragini","Oreotragus","oreotragus","LM3",1,0,1,1,1126.22958082652
"355","DSCN5573","Bovidae","Neotragini","Oreotragus","oreotragus","LM3",1,0,1,3,1172.24682476923
"356","DSCN5577","Bovidae","Neotragini","Oreotragus","oreotragus","LM3",0,0,1,5,1212.05295731739
"357","DSCN5580","Bovidae","Neotragini","Oreotragus","oreotragus","LM3",1,0,2,4,1152.87424176719
"358","DSCN5584","Bovidae","Neotragini","Oreotragus","oreotragus","LM3",1,0,5,1,1004.8914857099
"359","DSCN5588","Bovidae","Neotragini","Oreotragus","oreotragus","LM3",1,0,3,2,1027.61940777126
"360","DSCN5592","Bovidae","Neotragini","Oreotragus","oreotragus","LM3",1,0,2,2,1237.58491988585
"361","DSCN5596","Bovidae","Neotragini","Oreotragus","oreotragus","LM3",1,0,4,2,1135.74429945228
"362","DSCN5628","Bovidae","Neotragini","Ourebia","ourebi","LM3",1,0,4,4,1284.96464556282
"363","DSCN5632","Bovidae","Neotragini","Ourebia","ourebi","LM3",1,0,5,4,1487.31493398826
"364","DSCN5636","Bovidae","Neotragini","Ourebia","ourebi","LM3",1,0,1,5,1311.93520831129
"365","DSCN5640","Bovidae","Neotragini","Ourebia","ourebi","LM3",0,0,4,3,1035.74429945228
"366","DSCN5644","Bovidae","Neotragini","Ourebia","ourebi","LM3",-2,0,1,4,1266.88138444213
"367","DSCN5648","Bovidae","Neotragini","Ourebia","ourebi","LM3",0,0,4,3,1142.88138444213
"368","DSCN5652","Bovidae","Neotragini","Ourebia","ourebi","LM3",1,0,2,4,1418.64588642995
"369","DSCN5683","Bovidae","Neotragini","Pelea","capreolus","LM3",1,0,3,1,1721.55757467538
"370","DSCN5687","Bovidae","Neotragini","Pelea","capreolus","LM3",1,0,2,2,1754.16060505571
"371","DSCN5691","Bovidae","Neotragini","Pelea","capreolus","LM3",1,0,4,1,1457.29054737062
"372","DSCN5695","Bovidae","Neotragini","Pelea","capreolus","LM3",1,0,4,5,1737.21442892487
"373","DSCN5699","Bovidae","Neotragini","Pelea","capreolus","LM3",1,0,4,1,1556.70476093299
"374","DSCN5703","Bovidae","Neotragini","Pelea","capreolus","LM3",1,0,1,3,1640.71190360793
"375","DSCN5707","Bovidae","Neotragini","Pelea","capreolus","LM3",1,0,2,2,1576.93015767741
"376","DSCN5745","Bovidae","Bovini","Syncerus","caffer","LM3",1,0,4,2,3396.97301372703
"377","DSCN5749","Bovidae","Bovini","Syncerus","caffer","LM3",1,0,3,3,3788.63701065146
"378","DSCN5755","Bovidae","Bovini","Syncerus","caffer","LM3",1,0,2,1,4090.92842457386
"379","DSCN5759","Bovidae","Bovini","Syncerus","caffer","LM3",1,0,3,5,3730.05836688877
"380","DSCN5763","Bovidae","Bovini","Syncerus","caffer","LM3",1,0,2,3,4175.86449943693
"381","DSCN5808","Bovidae","Hippotragini","Hippotragus","equinus","LM3",1,0,4,2,3272.60548135888
"382","DSCN5812","Bovidae","Hippotragini","Hippotragus","equinus","LM3",1,0,5,5,3434.12734265958
"383","DSCN5816","Bovidae","Hippotragini","Hippotragus","equinus","LM3",1,0,4,5,3052.62272530158
"384","DSCN5820","Bovidae","Hippotragini","Hippotragus","equinus","LM3",1,0,2,4,3266.46334573515
"385","DSCN5825","Bovidae","Hippotragini","Hippotragus","equinus","LM3",0,0,1,5,2699.65216255311
"386","DSCN5828","Bovidae","Hippotragini","Hippotragus","equinus","LM3",1,0,2,2,3496.51211897043
"387","DSCN5832","Bovidae","Hippotragini","Hippotragus","equinus","LM3",1,0,4,3,3403.600430725
"388","DSCN5836","Bovidae","Hippotragini","Hippotragus","equinus","LM3",1,0,3,4,2976.25519293344
"389","DSCN5840","Bovidae","Hippotragini","Hippotragus","equinus","LM3",1,0,3,1,3460.52936291313
"390","DSCN5842","Bovidae","Hippotragini","Hippotragus","equinus","LM3",1,0,1,2,3042.78924754296
"391","DSCN5846","Bovidae","Hippotragini","Hippotragus","equinus","LM3",1,0,2,4,3334.06846815653
"392","DSCN5969","Bovidae","Hippotragini","Hippotragus","niger","LM3",1,0,4,4,3292.39732855717
"393","DSCN5973","Bovidae","Hippotragini","Hippotragus","niger","LM3",1,0,5,4,2801.40952186599
"394","DSCN5976","Bovidae","Hippotragini","Hippotragus","niger","LM3",1,0,3,3,2383.53737213985
"395","DSCN5980","Bovidae","Hippotragini","Hippotragus","niger","LM3",1,0,1,5,2921.88766056529
"396","DSCN5984","Bovidae","Hippotragini","Hippotragus","niger","LM3",1,0,4,3,2855.66940649581
"397","DSCN5988","Bovidae","Hippotragini","Hippotragus","niger","LM3",1,0,3,1,2873.79429817684
"398","DSCN5992","Bovidae","Hippotragini","Hippotragus","niger","LM3",1,0,1,2,3237.14249456123
"399","DSCN6000","Bovidae","Hippotragini","Hippotragus","niger","LM3",1,0,2,2,3451.65930522804
"400","DSCN6003","Bovidae","Hippotragini","Hippotragus","niger","LM3",1,0,5,5,2548.19631843039
"401","DSCN6007","Bovidae","Hippotragini","Hippotragus","niger","LM3",1,0,4,4,3004.78210486802
"402","DSCN6011","Bovidae","Hippotragini","Hippotragus","niger","LM3",1,0,3,1,3529.09790540806
"403","DSCN6015","Bovidae","Hippotragini","Hippotragus","niger","LM3",1,0,4,1,2402.20641969816
"404","DSCN6019","Bovidae","Hippotragini","Hippotragus","niger","LM3",1,0,3,5,2522.61558262665
"405","DSCN6024","Bovidae","Hippotragini","Hippotragus","niger","LM3",1,0,1,5,3809.04617357995
"406","DSCN6028","Bovidae","Hippotragini","Hippotragus","niger","LM3",1,0,2,4,3686.352739404
"407","DSCN6046","Bovidae","Hippotragini","Oryx","gazella","LM3",1,0,2,4,3318.30396616872
"408","DSCN6050","Bovidae","Hippotragini","Oryx","gazella","LM3",1,0,1,5,3473.64920396028
"409","DSCN6055","Bovidae","Hippotragini","Oryx","gazella","LM3",1,0,3,4,3452.08571209924
"410","DSCN6059","Bovidae","Bovini","Syncerus","caffer","LM3",1,0,1,1,4180.46752981726
"411","DSCN6063","Bovidae","Bovini","Syncerus","caffer","LM3",0,0,3,1,3299.50706833655
"412","DSCN6067","Bovidae","Bovini","Syncerus","caffer","LM3",-2,0,5,4,2731.31911807037
"413","DSCN6177","Bovidae","Reduncini","Redunca","fulvorufulva","LM3",-1,0,2,4,1839.43982566929
"414","DSCN6182","Bovidae","Reduncini","Redunca","fulvorufulva","LM3",-1,0,5,5,1868.1088732276
"415","DSCN6186","Bovidae","Reduncini","Redunca","fulvorufulva","LM3",-1,0,4,1,1834.81240867132
"416","DSCN6189","Bovidae","Reduncini","Redunca","fulvorufulva","LM3",-1,0,1,4,1805.59920523572
"417","DSCN6194","Bovidae","Reduncini","Redunca","fulvorufulva","LM3",-1,0,1,5,1701.90072042589
"418","DSCN6198","Bovidae","Reduncini","Redunca","fulvorufulva","LM3",-1,0,5,1,1821.92510704353
"419","DSCN6202","Bovidae","Reduncini","Redunca","fulvorufulva","LM3",-1,0,5,3,1916.73629022557
"420","DSCN6206","Bovidae","Reduncini","Redunca","fulvorufulva","LM3",-1,0,4,3,1659.31493398826
"421","DSCN6211","Bovidae","Reduncini","Redunca","fulvorufulva","LM3",-1,0,5,2,1385.93520831129
"422","DSCN6215","Bovidae","Reduncini","Redunca","fulvorufulva","LM3",-1,0,3,3,1838.61139854454
"423","DSCN6219","Bovidae","Reduncini","Redunca","fulvorufulva","LM3",-1,0,5,1,1167.22453019264
"424","DSCN6224","Bovidae","Reduncini","Redunca","fulvorufulva","LM3",-1,0,4,2,1810.99617485539
"425","DSCN6228","Bovidae","Reduncini","Redunca","fulvorufulva","LM3",-1,0,2,1,1796.06724266726
"426","DSCN6232","Bovidae","Reduncini","Redunca","fulvorufulva","LM3",-1,0,1,5,1555.55757467538
"427","DSCN6236","Bovidae","Reduncini","Redunca","fulvorufulva","LM3",-1,0,2,3,1673.0306627408
"428","DSCN6240","Bovidae","Reduncini","Redunca","fulvorufulva","LM3",-1,0,3,4,1814.45201897811
"429","DSCN6244","Bovidae","Reduncini","Redunca","fulvorufulva","LM3",-1,0,1,3,1960.65302910489
"430","DSCN6252","Bovidae","Reduncini","Redunca","fulvorufulva","LM3",-1,0,3,3,1964.15050378794
"431","DSCN6256","Bovidae","Reduncini","Redunca","fulvorufulva","LM3",-1,0,3,2,1676.67027304759
"432","DSCN6260","Bovidae","Reduncini","Redunca","fulvorufulva","LM3",-1,0,1,4,1729.0134187981
"433","DSCN6264","Bovidae","Reduncini","Redunca","fulvorufulva","LM3",-1,0,2,4,1859.76572747709
"434","DSCN6268","Bovidae","Reduncini","Redunca","fulvorufulva","LM3",-1,0,3,4,1657.90072042589
"435","DSCN6273","Bovidae","Reduncini","Redunca","fulvorufulva","LM3",-1,0,2,4,1949.28044610285
"436","DSCN6277","Bovidae","Reduncini","Redunca","fulvorufulva","LM3",-1,0,4,4,1824.82965261402
"437","DSCN6376","Bovidae","Reduncini","Redunca","arundinum","LM3",-1,0,4,5,2104.55966671643
"438","DSCN6380","Bovidae","Reduncini","Redunca","arundinum","LM3",-1,0,5,2,2132.25815152627
"439","DSCN6384","Bovidae","Reduncini","Redunca","arundinum","LM3",-1,0,2,1,1747.22157159981
"440","DSCN6388","Bovidae","Reduncini","Redunca","arundinum","LM3",-1,0,5,2,1667.88347648318
"441","DSCN6391","Bovidae","Reduncini","Redunca","arundinum","LM3",-1,0,1,3,1997.22157159981
"442","DSCN6395","Bovidae","Reduncini","Redunca","arundinum","LM3",-1,0,1,3,1701.39819510895
"443","DSCN6401","Bovidae","Reduncini","Redunca","arundinum","LM3",-1,0,2,2,2407.73838226662
"444","DSCN6405","Bovidae","Reduncini","Redunca","arundinum","LM3",-1,0,4,4,1838.59415460184
"445","DSCN6409","Bovidae","Reduncini","Redunca","arundinum","LM3",-1,0,3,4,1534.68751699029
"446","DSCN6413","Bovidae","Reduncini","Redunca","arundinum","LM3",-1,0,3,5,1998.8784258493
"447","DSCN6417","Bovidae","Reduncini","Redunca","arundinum","LM3",-1,0,2,1,2346.82669402119
"448","DSCN6421","Bovidae","Reduncini","Redunca","arundinum","LM3",-1,0,5,4,2185.85613127271
"449","DSCN6524","Bovidae","Reduncini","Kobus","ellipsiprymnus","LM3",-1,0,1,2,3449.29891553483
"450","DSCN6527","Bovidae","Reduncini","Kobus","ellipsiprymnus","LM3",-1,0,3,5,3309.94357647551
"451","DSCN6531","Bovidae","Reduncini","Kobus","ellipsiprymnus","LM3",-1,0,4,4,3212.66435586193
"452","DSCN6535","Bovidae","Reduncini","Kobus","ellipsiprymnus","LM3",-1,0,4,2,3394.58823741618
"453","DSCN6539","Bovidae","Reduncini","Kobus","ellipsiprymnus","LM3",-1,0,2,1,3254.58823741618
"454","DSCN6543","Bovidae","Reduncini","Kobus","ellipsiprymnus","LM3",-1,0,1,1,2571.41962313376
"455","DSCN6547","Bovidae","Reduncini","Kobus","ellipsiprymnus","LM3",-1,0,2,1,3362.3699833467
"456","DSCN6551","Bovidae","Reduncini","Kobus","ellipsiprymnus","LM3",-1,0,5,2,2593.20136906428
"457","DSCN6555","Bovidae","Reduncini","Kobus","ellipsiprymnus","LM3",-1,0,3,5,3441.99234971079
"458","DSCN6559","Bovidae","Reduncini","Kobus","ellipsiprymnus","LM3",-1,0,4,3,2925.26738624226
"459","DSCN6563","Bovidae","Reduncini","Kobus","ellipsiprymnus","LM3",-1,0,2,2,2770.79934881072
"460","DSCN6567","Bovidae","Reduncini","Kobus","ellipsiprymnus","LM3",-1,0,5,4,3362.21060378027
"461","DSCN6571","Bovidae","Reduncini","Kobus","ellipsiprymnus","LM3",-1,0,4,4,3533.50706833655
"462","DSCN6669","Bovidae","Reduncini","Kobus","leche","LM3",-1,0,1,1,2718.10591463477
"463","DSCN6673","Bovidae","Reduncini","Kobus","leche","LM3",-1,0,1,2,2354.86832458153
"464","DSCN6677","Bovidae","Reduncini","Kobus","leche","LM3",-1,0,3,1,2115.28758877779
"465","DSCN6681","Bovidae","Reduncini","Kobus","leche","LM3",-1,0,3,4,2228.50079221339
"466","DSCN6684","Bovidae","Reduncini","Kobus","leche","LM3",-1,0,4,5,2447.31197539543
"467","DSCN6689","Bovidae","Reduncini","Kobus","leche","LM3",-1,0,5,3,2535.62063326053
"468","DSCN6692","Bovidae","Reduncini","Kobus","leche","LM3",-1,0,3,4,2063.37084989848
"469","DSCN6696","Bovidae","Reduncini","Kobus","leche","LM3",-1,0,5,2,2281.57186002525
"470","DSCN6700","Bovidae","Reduncini","Kobus","leche","LM3",-1,0,2,5,2762.75771825038
"471","DSCN6704","Bovidae","Reduncini","Kobus","leche","LM3",-1,0,3,3,2302.92719908458
"472","DSCN6708","Bovidae","Reduncini","Kobus","leche","LM3",-1,0,5,4,1823.68246635641
"473","DSCN6712","Bovidae","Reduncini","Kobus","leche","LM3",-1,0,2,1,2180.82669402119
"474","DSCN6716","Bovidae","Reduncini","Kobus","leche","LM3",-1,0,4,2,2744.10591463477
"475","DSCN6720","Bovidae","Reduncini","Kobus","leche","LM3",-1,0,5,3,2375.89776183306
"476","DSCN6723","Bovidae","Reduncini","Kobus","leche","LM3",-1,0,3,5,2250.55966671643
"477","DSCN6727","Bovidae","Reduncini","Kobus","leche","LM3",-1,0,4,3,2026.27539546897
"478","DSCN6731","Bovidae","Reduncini","Kobus","leche","LM3",-1,0,1,1,2199.9566363361
"479","DSCN6735","Bovidae","Reduncini","Kobus","leche","LM3",-1,0,2,3,2143.02770414797
"480","DSCN6739","Bovidae","Reduncini","Kobus","leche","LM3",-1,0,4,3,2422.82669402119
"481","DSCN6743","Bovidae","Reduncini","Kobus","leche","LM3",-1,0,1,2,2473.63787720323
"482","DSCN6747","Bovidae","Reduncini","Kobus","leche","LM3",-1,0,2,3,2378.42467376764
"483","DSCN6753","Bovidae","Reduncini","Kobus","leche","LM3",-1,0,1,3,2789.22575568191
"484","DSCN6758","Bovidae","Reduncini","Kobus","leche","LM3",-1,0,2,5,2751.11810794359
"485","DSCN7384","Bovidae","Tragelaphini","Taurotragus","oryx","LM3",-1,0,1,2,4212.69292656167
"486","DSCN7388","Bovidae","Tragelaphini","Taurotragus","oryx","LM3",-1,0,5,4,3142.66435586193
"487","DSCN7392","Bovidae","Tragelaphini","Taurotragus","oryx","LM3",-1,0,2,5,3842.41875658198
"488","DSCN7396","Bovidae","Tragelaphini","Taurotragus","oryx","LM3",-1,0,3,3,3620.31825151859
"489","DSCN7400","Bovidae","Tragelaphini","Taurotragus","oryx","LM3",-1,0,2,1,3800.29386490095
"490","DSCN7404","Bovidae","Tragelaphini","Taurotragus","oryx","LM3",-1,0,5,2,3406.10295604194
"491","DSCN7408","Bovidae","Tragelaphini","Taurotragus","oryx","LM3",-1,0,3,2,3641.32330215247
"492","DSCN7412","Bovidae","Tragelaphini","Taurotragus","oryx","LM3",-1,0,1,3,3063.55165748972
"493","DSCN7416","Bovidae","Tragelaphini","Taurotragus","oryx","LM3",-1,0,2,5,3374.57099347348
"494","DSCN7420","Bovidae","Tragelaphini","Taurotragus","oryx","LM3",-1,0,3,3,3484.83802077823
"495","DSCN7424","Bovidae","Tragelaphini","Taurotragus","oryx","LM3",-1,0,4,4,3223.29891553483
"496","IMG_0723","Bovidae","Neotragini","Pelea","capreolus","LM3",1,0,5,4,1937.85908986555
"497","IMG_0739","Bovidae","Neotragini","Pelea","capreolus","LM3",1,0,3,5,1852.93015767741
"498","IMG_0745","Bovidae","Neotragini","Pelea","capreolus","LM3",1,0,1,1,1232.99913344822
"499","IMG_0755","Bovidae","Neotragini","Pelea","capreolus","LM3",1,0,1,5,1562.31998462214
"500","IMG_0766","Bovidae","Neotragini","Pelea","capreolus","LM3",1,0,3,5,1610.44487630317
"501","IMG_0775","Bovidae","Neotragini","Pelea","capreolus","LM3",1,0,2,4,1537.07229330114
"502","IMG_0866","Bovidae","Neotragini","Pelea","capreolus","LM3",1,0,2,1,1642.68751699029
"503","IMG_1072","Bovidae","Neotragini","Ourebia","ourebi","LM3",1,0,2,5,1207.36666581637
"504","IMG_1084","Bovidae","Neotragini","Ourebia","ourebi","LM3",1,0,5,2,1190.7392488184
"505","IMG_1092","Bovidae","Neotragini","Ourebia","ourebi","LM3",1,0,2,2,1269.99408281434
"506","IMG_1098","Bovidae","Neotragini","Ourebia","ourebi","LM3",0,0,4,1,1175.09963851161
"507","IMG_1110","Bovidae","Neotragini","Ourebia","ourebi","LM3",1,0,5,3,1235.60930650349
"508","IMG_1120","Bovidae","Neotragini","Ourebia","ourebi","LM3",1,0,1,4,1248.05295731739
"509","IMG_1129","Bovidae","Neotragini","Ourebia","ourebi","LM3",0,0,5,4,1242.47936418858
"510","IMG_1136","Bovidae","Neotragini","Ourebia","ourebi","LM3",1,0,5,1,1341.24891681028
"511","IMG_1145","Bovidae","Neotragini","Ourebia","ourebi","LM3",1,0,1,1,1417.43268299435
"512","IMG_1244","Bovidae","Neotragini","Oreotragus","oreotragus","LM3",0,0,4,2,1029.29350596345
"513","IMG_1253","Bovidae","Neotragini","Oreotragus","oreotragus","LM3",1,0,5,3,1230.04581464245
"514","IMG_1264","Bovidae","Neotragini","Oreotragus","oreotragus","LM3",1,0,1,5,1101.82041789803
"515","IMG_1277","Bovidae","Neotragini","Oreotragus","oreotragus","LM3",1,0,2,4,1154.38896039296
"516","IMG_1286","Bovidae","Neotragini","Oreotragus","oreotragus","LM3",-2,0,1,4,1108.14631970584
"517","IMG_1314","Bovidae","Neotragini","Oreotragus","oreotragus","LM3",1,0,4,3,1194.47222151364
"518","IMG_1322","Bovidae","Neotragini","Oreotragus","oreotragus","LM3",1,0,5,3,1093.46002820482
"519","IMG_1332","Bovidae","Neotragini","Oreotragus","oreotragus","LM3",1,0,3,5,1146.48946545634
"520","IMG_1355","Bovidae","Neotragini","Oreotragus","oreotragus","LM3",1,0,5,2,1067.2173875177
"521","IMG_1365","Bovidae","Tragelaphini","Tragelaphus","scriptus","LM3",1,0,4,5,1844.73629022557
"522","IMG_1372","Bovidae","Tragelaphini","Tragelaphus","scriptus","LM3",1,0,1,2,1715.90072042589
"523","IMG_1390","Bovidae","Tragelaphini","Tragelaphus","scriptus","LM3",1,0,2,4,1507.77582874486
"524","IMG_1398","Bovidae","Tragelaphini","Tragelaphus","scriptus","LM3",0,0,2,1,1696.36875785742
"525","IMG_1413","Bovidae","Tragelaphini","Tragelaphus","scriptus","LM3",0,0,1,4,1468.62149981231
"526","IMG_1421","Bovidae","Tragelaphini","Tragelaphus","scriptus","LM3",1,0,3,3,1693.73419818452
"527","IMG_1446","Bovidae","Antilopini","Antidorcas","marsupialis","LM3",1,0,1,2,2049.15555442183
"528","IMG_1456","Bovidae","Antilopini","Antidorcas","marsupialis","LM3",1,0,4,2,2014.36875785742
"529","IMG_1463","Bovidae","Antilopini","Antidorcas","marsupialis","LM3",1,0,2,3,1853.39819510895
"530","IMG_1471","Bovidae","Antilopini","Antidorcas","marsupialis","LM3",-2,0,2,4,1701.38095116624
"531","IMG_1478","Bovidae","Antilopini","Antidorcas","marsupialis","LM3",1,0,2,3,1761.57481861808
"532","IMG_1486","Bovidae","Antilopini","Antidorcas","marsupialis","LM3",1,0,4,4,1799.48145622963
"533","IMG_1498","Bovidae","Hippotragini","Hippotragus","niger","LM3",1,0,2,4,2685.40237919105
"534","IMG_1516","Bovidae","Tragelaphini","Tragelaphus","strepsiceros","LM3",1,0,NA,5,2933.61053199277
"535","IMG_4811","Bovidae","Neotragini","Oreotragus","oreotragus","LM3",-1,0,2,2,1037.30064863839
"536","IMG_4821","Bovidae","Neotragini","Oreotragus","oreotragus","LM3",-1,0,5,1,999.460028204822
"537","IMG_4830","Bovidae","Neotragini","Oreotragus","oreotragus","LM3",-1,0,4,2,942.063058585152
"538","IMG_4840","Bovidae","Neotragini","Oreotragus","oreotragus","LM3",-1,0,4,2,1082.51385207398
"539","IMG_4851","Bovidae","Neotragini","Oreotragus","oreotragus","LM3",-1,0,1,5,1221.50165876516
"540","IMG_4859","Bovidae","Neotragini","Oreotragus","oreotragus","LM3",-1,0,2,2,1059.58491988585
"541","IMG_4872","Bovidae","Neotragini","Oreotragus","oreotragus","LM3",-1,0,3,2,1176.59711319467
"542","IMG_4883","Bovidae","Neotragini","Oreotragus","oreotragus","LM3",-1,0,5,4,1078.24682476923
"543","IMG_4894","Bovidae","Neotragini","Oreotragus","oreotragus","LM3",-1,0,4,5,1118.97474683058
"544","IMG_4904","Bovidae","Neotragini","Oreotragus","oreotragus","LM3",-1,0,1,5,1080.38896039296
"545","IMG_4913","Bovidae","Neotragini","Oreotragus","oreotragus","LM3",-1,0,3,2,1082.57272657703
"546","IMG_4922","Bovidae","Neotragini","Oreotragus","oreotragus","LM3",-1,0,3,2,1076.73210614346
"547","IMG_4930","Bovidae","Neotragini","Oreotragus","oreotragus","LM3",-1,0,3,3,1080.95750288788
"548","IMG_4939","Bovidae","Neotragini","Oreotragus","oreotragus","LM3",1,0,3,5,1230.04581464245
"549","IMG_5004","Bovidae","Neotragini","Ourebia","ourebi","LM3",-1,0,3,3,1357.91796436859
"550","IMG_5010","Bovidae","Neotragini","Ourebia","ourebi","LM3",-1,0,3,3,1465.13116780419
"551","IMG_5020","Bovidae","Neotragini","Ourebia","ourebi","LM3",-1,0,2,4,2813.99530830362
"552","IMG_5027","Bovidae","Neotragini","Ourebia","ourebi","LM3",-1,0,3,5,1433.27330342792
"553","IMG_5035","Bovidae","Neotragini","Ourebia","ourebi","LM3",-1,0,1,3,1311.53318805774
"554","IMG_5041","Bovidae","Neotragini","Ourebia","ourebi","LM3",-1,0,1,5,1439.63369312113
"555","IMG_5049","Bovidae","Neotragini","Ourebia","ourebi","LM3",-1,0,1,2,1144.63874375501
"556","IMG_5056","Bovidae","Neotragini","Ourebia","ourebi","LM3",-1,0,5,3,1391.29054737062
"557","IMG_5066","Bovidae","Neotragini","Ourebia","ourebi","LM3",-1,0,2,5,1310.82250993909
"558","IMG_5075","Bovidae","Neotragini","Ourebia","ourebi","LM3",-1,0,3,1,1745.47431355469
"559","IMG_5084","Bovidae","Neotragini","Ourebia","ourebi","LM3",-1,0,3,5,1725.69971029911
"560","IMG_5090","Bovidae","Neotragini","Ourebia","ourebi","LM3",-1,0,3,5,1541.00627612316
"561","IMG_5099","Bovidae","Neotragini","Ourebia","ourebi","LM3",-1,0,2,3,1464.37885912519
"562","IMG_5107","Bovidae","Neotragini","Ourebia","ourebi","LM3",-1,0,4,4,1692.38600180013
"563","IMG_5115","Bovidae","Neotragini","Ourebia","ourebi","LM3",-1,0,3,1,1447.26616075298
"564","IMG_5136","Bovidae","Neotragini","Ourebia","ourebi","LM3",-1,0,4,2,1843.7829714198
"565","IMG_5189","Bovidae","Hippotragini","Hippotragus","niger","LM3",-1,0,1,3,2735.98816562868
"566","IMG_5216","Bovidae","Hippotragini","Hippotragus","equinus","LM3",-1,0,3,3,3465.86031535482
"567","IMG_5229","Bovidae","Hippotragini","Hippotragus","equinus","LM3",-1,0,1,5,2735.98816562868
"568","IMG_5236","Bovidae","Hippotragini","Hippotragus","equinus","LM3",-1,0,3,4,3110.48058967785
"569","IMG_5255","Bovidae","Hippotragini","Hippotragus","equinus","LM3",-1,0,3,2,3030.68159980463
"570","IMG_5263","Bovidae","Hippotragini","Hippotragus","equinus","LM3",-1,0,5,1,2808.68159980463
"571","IMG_5273","Bovidae","Hippotragini","Hippotragus","equinus","LM3",-1,0,2,2,2646.04704013172
"572","IMG_5280","Bovidae","Hippotragini","Hippotragus","equinus","LM3",-1,0,1,3,3593.78419690907
"573","IMG_5288","Bovidae","Hippotragini","Hippotragus","equinus","LM3",-1,0,3,3,3709.76695296637
"574","IMG_5295","Bovidae","Hippotragini","Hippotragus","equinus","LM3",-1,0,1,3,2849.93643380057
"575","IMG_5296","Bovidae","Hippotragini","Hippotragus","equinus","LM3",-1,0,4,1,2784.84097937106
